ds,y,unique_id
0,906.6,platinum
1,930.2,platinum
2,947.75,platinum
3,974.1,platinum
4,972.85,platinum
5,973.2,platinum
6,979.7,platinum
7,979.3,platinum
8,977.8,platinum
9,980.8,platinum
10,987.75,platinum
11,989.5,platinum
12,985.7,platinum
13,981.7,platinum
14,966.2,platinum
15,960.7,platinum
16,981.8,platinum
17,985.65,platinum
18,984.3,platinum
19,997.2,platinum
20,988.55,platinum
21,980.5,platinum
22,988.45,platinum
23,989.5,platinum
24,992.1,platinum
25,999.25,platinum
26,1003.65,platinum
27,999.9,platinum
28,1006.85,platinum
29,1007.2,platinum
30,1016.85,platinum
31,1007.75,platinum
32,1017.75,platinum
33,1015.2,platinum
34,1014.3,platinum
35,1010.55,platinum
36,1000.85,platinum
37,1003.35,platinum
38,1012.35,platinum
39,1014.95,platinum
40,1006.35,platinum
41,1005.85,platinum
42,1007.0,platinum
43,1004.3,platinum
44,1004.85,platinum
45,1012.1,platinum
46,1031.05,platinum
47,1028.5,platinum
48,1031.95,platinum
49,1022.3,platinum
50,1018.05,platinum
51,993.95,platinum
52,1000.6,platinum
53,1001.75,platinum
54,980.6,platinum
55,963.8,platinum
56,951.45,platinum
57,936.5,platinum
58,943.9,platinum
59,943.95,platinum
60,939.15,platinum
61,939.1,platinum
62,958.9,platinum
63,958.65,platinum
64,965.8,platinum
65,966.65,platinum
66,972.85,platinum
67,972.6,platinum
68,962.35,platinum
69,962.95,platinum
70,966.35,platinum
71,973.6,platinum
72,970.6,platinum
73,956.75,platinum
74,959.2,platinum
75,952.2,platinum
76,953.4,platinum
77,956.95,platinum
78,962.65,platinum
79,963.1,platinum
80,965.3,platinum
81,959.9,platinum
82,956.8,platinum
83,956.15,platinum
84,945.8,platinum
85,971.7,platinum
86,976.05,platinum
87,976.1,platinum
88,984.65,platinum
89,983.7,platinum
90,979.95,platinum
91,970.2,platinum
92,979.7,platinum
93,974.65,platinum
94,972.65,platinum
95,966.45,platinum
96,956.95,platinum
97,951.85,platinum
98,948.15,platinum
99,948.15,platinum
100,950.5,platinum
101,934.8,platinum
102,928.5,platinum
103,898.95,platinum
104,904.85,platinum
105,914.4,platinum
106,924.35,platinum
107,919.45,platinum
108,907.1,platinum
109,910.45,platinum
110,919.1,platinum
111,922.0,platinum
112,924.2,platinum
113,931.95,platinum
114,944.0,platinum
115,947.8,platinum
116,933.95,platinum
117,940.4,platinum
118,941.95,platinum
119,949.9,platinum
120,944.4,platinum
121,950.4,platinum
122,949.55,platinum
123,961.95,platinum
124,963.7,platinum
125,956.55,platinum
126,941.35,platinum
127,949.95,platinum
128,932.15,platinum
129,955.35,platinum
130,952.2,platinum
131,954.8,platinum
132,962.4,platinum
133,945.8,platinum
134,940.4,platinum
135,940.4,platinum
136,939.0,platinum
137,944.35,platinum
138,928.25,platinum
139,938.1,platinum
140,922.6,platinum
141,929.85,platinum
142,927.15,platinum
143,924.85,platinum
144,924.2,platinum
145,928.95,platinum
146,926.8,platinum
147,929.75,platinum
148,931.1,platinum
149,919.25,platinum
150,921.2,platinum
151,922.55,platinum
152,923.8,platinum
153,927.7,platinum
154,929.6,platinum
155,907.35,platinum
156,917.0,platinum
157,911.2,platinum
158,910.05,platinum
159,909.0,platinum
160,909.8,platinum
161,902.55,platinum
162,904.6,platinum
163,917.85,platinum
164,906.95,platinum
165,923.45,platinum
166,925.5,platinum
167,925.15,platinum
168,930.05,platinum
169,923.65,platinum
170,928.85,platinum
171,937.8,platinum
172,938.35,platinum
173,931.8,platinum
174,926.4,platinum
175,931.45,platinum
176,928.8,platinum
177,937.85,platinum
178,938.8,platinum
179,941.65,platinum
180,946.95,platinum
181,949.4,platinum
182,965.95,platinum
183,967.85,platinum
184,966.25,platinum
185,970.15,platinum
186,975.9,platinum
187,978.25,platinum
188,986.3,platinum
189,987.8,platinum
190,987.0,platinum
191,969.05,platinum
192,966.2,platinum
193,982.55,platinum
194,980.0,platinum
195,981.75,platinum
196,980.3,platinum
197,985.7,platinum
198,978.15,platinum
199,982.55,platinum
200,982.5,platinum
201,977.3,platinum
202,977.9,platinum
203,993.2,platinum
204,997.2,platinum
205,993.75,platinum
206,1001.25,platinum
207,1011.25,platinum
208,1016.75,platinum
209,1009.8,platinum
210,1012.9,platinum
211,1005.6,platinum
212,1021.75,platinum
213,1010.85,platinum
214,1005.85,platinum
215,992.6,platinum
216,990.05,platinum
217,982.55,platinum
218,989.85,platinum
219,970.75,platinum
220,967.1,platinum
221,964.4,platinum
222,953.75,platinum
223,941.75,platinum
224,940.25,platinum
225,933.45,platinum
226,935.2,platinum
227,944.45,platinum
228,928.45,platinum
229,924.55,platinum
230,926.55,platinum
231,915.3,platinum
232,916.35,platinum
233,916.3,platinum
234,916.35,platinum
235,916.8,platinum
236,917.45,platinum
237,918.95,platinum
238,918.05,platinum
239,919.4,platinum
240,935.95,platinum
241,937.2,platinum
242,941.3,platinum
243,948.8,platinum
244,948.5,platinum
245,935.15,platinum
246,937.1,platinum
247,924.15,platinum
248,927.4,platinum
249,926.0,platinum
250,920.75,platinum
251,929.35,platinum
252,924.65,platinum
253,928.15,platinum
254,919.8,platinum
255,918.4,platinum
256,918.35,platinum
257,923.55,platinum
258,921.1,platinum
259,934.8,platinum
260,929.0,platinum
261,922.65,platinum
262,924.2,platinum
263,935.05,platinum
264,927.05,platinum
265,933.8,platinum
266,940.25,platinum
267,931.15,platinum
268,931.45,platinum
269,933.35,platinum
270,929.15,platinum
271,933.75,platinum
272,934.95,platinum
273,953.95,platinum
274,951.25,platinum
275,929.3,platinum
276,936.85,platinum
277,939.45,platinum
278,937.35,platinum
279,945.05,platinum
280,942.25,platinum
281,949.2,platinum
282,951.65,platinum
283,942.7,platinum
284,943.8,platinum
285,941.2,platinum
286,937.85,platinum
287,930.85,platinum
288,917.25,platinum
289,903.55,platinum
290,893.5,platinum
291,888.0,platinum
292,889.6,platinum
293,888.15,platinum
294,880.65,platinum
295,887.7,platinum
296,882.9,platinum
297,893.9,platinum
298,891.8,platinum
299,911.4,platinum
300,914.6,platinum
301,920.2,platinum
302,919.3,platinum
303,923.05,platinum
304,921.3,platinum
305,925.5,platinum
306,926.1,platinum
307,930.9,platinum
308,934.6,platinum
309,937.4,platinum
310,949.9,platinum
311,956.1,platinum
312,966.0,platinum
313,974.9,platinum
314,973.6,platinum
315,974.3,platinum
316,968.5,platinum
317,976.0,platinum
318,988.5,platinum
319,998.7,platinum
320,997.2,platinum
321,1002.2,platinum
322,1004.3,platinum
323,1003.9,platinum
324,1006.5,platinum
325,1016.7,platinum
326,1019.1,platinum
327,1003.2,platinum
328,1010.8,platinum
329,1019.0,platinum
330,1016.4,platinum
331,1013.4,platinum
332,1014.3,platinum
333,1010.3,platinum
334,1001.6,platinum
335,1005.5,platinum
336,1009.6,platinum
337,995.9,platinum
338,993.2,platinum
339,994.8,platinum
340,994.0,platinum
341,985.0,platinum
342,978.9,platinum
343,968.2,platinum
344,970.4,platinum
345,973.4,platinum
346,978.1,platinum
347,1001.6,platinum
348,1004.2,platinum
349,1008.8,platinum
350,1007.8,platinum
351,1008.2,platinum
352,1002.2,platinum
353,994.5,platinum
354,1000.1,platinum
355,998.1,platinum
356,996.3,platinum
357,1002.2,platinum
358,985.3,platinum
359,984.8,platinum
360,970.0,platinum
361,967.4,platinum
362,969.8,platinum
363,964.6,platinum
364,971.3,platinum
365,955.1,platinum
366,953.6,platinum
367,966.9,platinum
368,966.4,platinum
369,966.1,platinum
370,967.6,platinum
371,963.3,platinum
372,955.3,platinum
373,950.9,platinum
374,950.2,platinum
375,954.7,platinum
376,943.9,platinum
377,959.9,platinum
378,950.8,platinum
379,949.6,platinum
380,956.0,platinum
381,960.0,platinum
382,952.1,platinum
383,945.0,platinum
384,936.6,platinum
385,939.4,platinum
386,939.3,platinum
387,929.3,platinum
388,920.7,platinum
389,916.8,platinum
390,920.6,platinum
391,923.7,platinum
392,937.0,platinum
393,935.9,platinum
394,936.1,platinum
395,932.0,platinum
396,934.3,platinum
397,934.1,platinum
398,933.3,platinum
399,939.0,platinum
400,946.5,platinum
401,938.0,platinum
402,929.4,platinum
403,929.1,platinum
404,923.3,platinum
405,934.0,platinum
406,914.7,platinum
407,910.2,platinum
408,916.8,platinum
409,916.2,platinum
410,906.4,platinum
411,894.6,platinum
412,896.5,platinum
413,903.8,platinum
414,911.6,platinum
415,911.3,platinum
416,912.6,platinum
417,915.7,platinum
418,914.8,platinum
419,925.8,platinum
420,924.0,platinum
421,924.4,platinum
422,911.6,platinum
423,898.4,platinum
424,892.6,platinum
425,891.0,platinum
426,886.8,platinum
427,886.2,platinum
428,899.5,platinum
429,908.3,platinum
430,904.6,platinum
431,910.4,platinum
432,900.6,platinum
433,901.6,platinum
434,905.4,platinum
435,907.6,platinum
436,910.1,platinum
437,909.7,platinum
438,903.7,platinum
439,904.2,platinum
440,900.9,platinum
441,902.5,platinum
442,906.1,platinum
443,901.1,platinum
444,908.2,platinum
445,907.7,platinum
446,905.6,platinum
447,900.4,platinum
448,902.4,platinum
449,906.2,platinum
450,888.2,platinum
451,889.1,platinum
452,885.7,platinum
453,867.2,platinum
454,870.8,platinum
455,864.0,platinum
456,878.7,platinum
457,880.6,platinum
458,869.8,platinum
459,871.4,platinum
460,861.0,platinum
461,853.5,platinum
462,856.9,platinum
463,856.8,platinum
464,819.4,platinum
465,844.1,platinum
466,846.4,platinum
467,844.5,platinum
468,847.0,platinum
469,848.4,platinum
470,855.3,platinum
471,846.0,platinum
472,831.7,platinum
473,844.6,platinum
474,831.7,platinum
475,832.2,platinum
476,828.0,platinum
477,818.5,platinum
478,821.6,platinum
479,809.2,platinum
480,828.9,platinum
481,833.0,platinum
482,834.0,platinum
483,836.6,platinum
484,847.4,platinum
485,829.5,platinum
486,832.3,platinum
487,832.6,platinum
488,831.3,platinum
489,839.7,platinum
490,821.5,platinum
491,825.0,platinum
492,832.5,platinum
493,836.1,platinum
494,824.3,platinum
495,832.6,platinum
496,832.0,platinum
497,833.7,platinum
498,828.8,platinum
499,830.5,platinum
500,799.8,platinum
501,801.2,platinum
502,765.2,platinum
503,781.0,platinum
504,788.1,platinum
505,788.3,platinum
506,795.9,platinum
507,795.3,platinum
508,792.9,platinum
509,775.6,platinum
510,790.5,platinum
511,792.7,platinum
512,805.0,platinum
513,791.8,platinum
514,797.2,platinum
515,791.1,platinum
516,787.8,platinum
517,787.2,platinum
518,787.6,platinum
519,777.8,platinum
520,785.5,platinum
521,792.7,platinum
522,781.9,platinum
523,782.1,platinum
524,786.3,platinum
525,792.5,platinum
526,799.8,platinum
527,804.2,platinum
528,794.6,platinum
529,793.5,platinum
530,795.4,platinum
531,815.2,platinum
532,824.2,platinum
533,835.0,platinum
534,828.7,platinum
535,829.4,platinum
536,831.6,platinum
537,827.8,platinum
538,827.6,platinum
539,813.2,platinum
540,818.5,platinum
541,818.6,platinum
542,826.9,platinum
543,836.1,platinum
544,827.8,platinum
545,827.4,platinum
546,825.3,platinum
547,825.2,platinum
548,825.3,platinum
549,829.3,platinum
550,824.5,platinum
551,841.9,platinum
552,841.8,platinum
553,843.3,platinum
554,846.8,platinum
555,845.2,platinum
556,835.1,platinum
557,831.5,platinum
558,833.9,platinum
559,833.8,platinum
560,824.0,platinum
561,835.1,platinum
562,834.6,platinum
563,829.6,platinum
564,836.0,platinum
565,835.7,platinum
566,836.6,platinum
567,838.4,platinum
568,841.8,platinum
569,867.8,platinum
570,872.1,platinum
571,873.9,platinum
572,867.5,platinum
573,873.2,platinum
574,877.0,platinum
575,867.2,platinum
576,855.6,platinum
577,857.3,platinum
578,845.0,platinum
579,843.7,platinum
580,838.3,platinum
581,844.3,platinum
582,848.0,platinum
583,848.0,platinum
584,855.7,platinum
585,844.3,platinum
586,849.1,platinum
587,850.0,platinum
588,843.1,platinum
589,843.8,platinum
590,846.5,platinum
591,836.5,platinum
592,827.8,platinum
593,822.2,platinum
594,801.0,platinum
595,807.9,platinum
596,808.5,platinum
597,804.55,platinum
598,802.05,platinum
599,789.8,platinum
600,794.3,platinum
601,793.1,platinum
602,783.75,platinum
603,787.35,platinum
604,804.65,platinum
605,796.8,platinum
606,787.35,platinum
607,787.35,platinum
608,793.1,platinum
609,792.9,platinum
610,787.7,platinum
611,796.4,platinum
612,789.05,platinum
613,791.95,platinum
614,788.4,platinum
615,788.9,platinum
616,799.25,platinum
617,795.5,platinum
618,790.25,platinum
619,796.2,platinum
620,801.4,platinum
621,800.6,platinum
622,798.7,platinum
623,804.0,platinum
624,826.7,platinum
625,824.85,platinum
626,826.4,platinum
627,825.45,platinum
628,829.65,platinum
629,823.9,platinum
630,813.8,platinum
631,814.3,platinum
632,808.7,platinum
633,803.8,platinum
634,809.35,platinum
635,812.4,platinum
636,800.3,platinum
637,801.35,platinum
638,798.45,platinum
639,794.0,platinum
640,797.55,platinum
641,804.6,platinum
642,820.65,platinum
643,818.4,platinum
644,814.0,platinum
645,816.3,platinum
646,819.6,platinum
647,823.0,platinum
648,825.9,platinum
649,826.0,platinum
650,822.5,platinum
651,821.35,platinum
652,807.1,platinum
653,800.8,platinum
654,802.2,platinum
655,802.3,platinum
656,789.75,platinum
657,793.55,platinum
658,788.4,platinum
659,788.75,platinum
660,808.55,platinum
661,806.6,platinum
662,808.75,platinum
663,821.4,platinum
664,830.4,platinum
665,826.9,platinum
666,845.45,platinum
667,846.8,platinum
668,856.8,platinum
669,863.1,platinum
670,871.85,platinum
671,874.1,platinum
672,862.2,platinum
673,863.7,platinum
674,840.6,platinum
675,839.1,platinum
676,829.7,platinum
677,816.5,platinum
678,818.85,platinum
679,818.15,platinum
680,820.65,platinum
681,835.9,platinum
682,842.05,platinum
683,825.4,platinum
684,831.8,platinum
685,830.55,platinum
686,836.2,platinum
687,851.7,platinum
688,868.5,platinum
689,860.35,platinum
690,847.95,platinum
691,849.95,platinum
692,866.6,platinum
693,865.3,platinum
694,859.9,platinum
695,849.25,platinum
696,853.4,platinum
697,856.3,platinum
698,855.7,platinum
699,856.0,platinum
700,875.5,platinum
701,902.05,platinum
702,905.65,platinum
703,908.75,platinum
704,910.05,platinum
705,891.6,platinum
706,907.95,platinum
707,897.4,platinum
708,895.35,platinum
709,896.4,platinum
710,891.65,platinum
711,885.2,platinum
712,892.7,platinum
713,907.4,platinum
714,907.0,platinum
715,907.1,platinum
716,904.85,platinum
717,893.1,platinum
718,888.6,platinum
719,890.65,platinum
720,902.8,platinum
721,904.1,platinum
722,901.6,platinum
723,891.4,platinum
724,872.2,platinum
725,853.65,platinum
726,874.7,platinum
727,864.8,platinum
728,884.95,platinum
729,873.15,platinum
730,864.4,platinum
731,854.0,platinum
732,867.75,platinum
733,858.9,platinum
734,860.85,platinum
735,859.7,platinum
736,846.8,platinum
737,835.3,platinum
738,819.55,platinum
739,822.45,platinum
740,816.5,platinum
741,817.5,platinum
742,803.5,platinum
743,801.15,platinum
744,805.5,platinum
745,806.7,platinum
746,813.1,platinum
747,800.2,platinum
748,792.2,platinum
749,791.65,platinum
750,792.8,platinum
751,794.75,platinum
752,823.05,platinum
753,820.75,platinum
754,806.65,platinum
755,803.25,platinum
756,806.15,platinum
757,809.55,platinum
758,807.75,platinum
759,815.2,platinum
760,811.35,platinum
761,812.7,platinum
762,803.6,platinum
763,801.7,platinum
764,792.65,platinum
765,803.4,platinum
766,812.55,platinum
767,810.25,platinum
768,809.45,platinum
769,817.95,platinum
770,820.05,platinum
771,811.25,platinum
772,821.45,platinum
773,821.95,platinum
774,839.6,platinum
775,834.4,platinum
776,835.75,platinum
777,837.75,platinum
778,843.85,platinum
779,840.35,platinum
780,813.8,platinum
781,812.35,platinum
782,816.6,platinum
783,813.6,platinum
784,831.4,platinum
785,827.4,platinum
786,834.25,platinum
787,834.7,platinum
788,845.7,platinum
789,844.2,platinum
790,848.85,platinum
791,854.3,platinum
792,849.45,platinum
793,850.7,platinum
794,850.9,platinum
795,859.9,platinum
796,880.95,platinum
797,871.3,platinum
798,868.6,platinum
799,870.1,platinum
800,883.1,platinum
801,878.8,platinum
802,868.6,platinum
803,856.85,platinum
804,848.2,platinum
805,848.95,platinum
806,860.5,platinum
807,855.55,platinum
808,868.85,platinum
809,870.7,platinum
810,864.35,platinum
811,864.5,platinum
812,862.15,platinum
813,857.8,platinum
814,848.65,platinum
815,842.75,platinum
816,851.4,platinum
817,851.9,platinum
818,853.1,platinum
819,850.15,platinum
820,855.95,platinum
821,860.8,platinum
822,860.25,platinum
823,864.1,platinum
824,858.75,platinum
825,870.3,platinum
826,901.8,platinum
827,920.75,platinum
828,936.6,platinum
829,940.45,platinum
830,933.25,platinum
831,964.5,platinum
832,991.3,platinum
833,962.2,platinum
834,953.3,platinum
835,950.45,platinum
836,946.1,platinum
837,934.85,platinum
838,948.15,platinum
839,952.25,platinum
840,950.65,platinum
841,958.75,platinum
842,938.2,platinum
843,940.5,platinum
844,925.3,platinum
845,940.25,platinum
846,947.3,platinum
847,950.9,platinum
848,959.25,platinum
849,957.05,platinum
850,928.3,platinum
851,932.8,platinum
852,929.6,platinum
853,938.9,platinum
854,892.15,platinum
855,884.35,platinum
856,893.9,platinum
857,894.45,platinum
858,885.45,platinum
859,884.9,platinum
860,881.85,platinum
861,899.05,platinum
862,895.95,platinum
863,904.25,platinum
864,901.0,platinum
865,897.65,platinum
866,898.6,platinum
867,888.55,platinum
868,889.85,platinum
869,891.7,platinum
870,896.5,platinum
871,895.45,platinum
872,891.6,platinum
873,896.7,platinum
874,922.2,platinum
875,927.2,platinum
876,930.55,platinum
877,930.95,platinum
878,920.35,platinum
879,924.6,platinum
880,928.05,platinum
881,936.3,platinum
882,954.65,platinum
883,954.7,platinum
884,939.3,platinum
885,932.25,platinum
886,932.3,platinum
887,914.2,platinum
888,889.7,platinum
889,891.55,platinum
890,877.2,platinum
891,874.05,platinum
892,876.1,platinum
893,882.85,platinum
894,892.4,platinum
895,893.25,platinum
896,897.1,platinum
897,912.4,platinum
898,919.8,platinum
899,917.5,platinum
900,893.75,platinum
901,894.55,platinum
902,898.45,platinum
903,909.8,platinum
904,899.5,platinum
905,895.55,platinum
906,898.1,platinum
907,899.25,platinum
908,900.4,platinum
909,912.0,platinum
910,900.05,platinum
911,898.7,platinum
912,897.9,platinum
913,898.1,platinum
914,896.25,platinum
915,918.65,platinum
916,941.4,platinum
917,945.5,platinum
918,930.6,platinum
919,928.55,platinum
920,931.15,platinum
921,929.05,platinum
922,935.8,platinum
923,936.4,platinum
924,912.15,platinum
925,918.85,platinum
926,932.5,platinum
927,945.6,platinum
928,943.0,platinum
929,949.1,platinum
930,947.35,platinum
931,956.0,platinum
932,964.75,platinum
933,971.9,platinum
934,975.5,platinum
935,986.9,platinum
936,988.55,platinum
937,989.3,platinum
938,969.35,platinum
939,977.75,platinum
940,961.0,platinum
941,973.6,platinum
942,984.3,platinum
943,981.75,platinum
944,980.6,platinum
945,989.25,platinum
946,1031.5,platinum
947,1015.3,platinum
948,1027.05,platinum
949,1030.5,platinum
950,1026.3,platinum
951,1000.8,platinum
952,1022.6,platinum
953,1009.05,platinum
954,1010.25,platinum
955,1004.05,platinum
956,991.3,platinum
957,990.7,platinum
958,982.5,platinum
959,981.85,platinum
960,962.65,platinum
961,968.25,platinum
962,971.3,platinum
963,966.65,platinum
964,984.2,platinum
965,968.9,platinum
966,970.15,platinum
967,970.0,platinum
968,965.45,platinum
969,971.75,platinum
970,963.95,platinum
971,972.0,platinum
972,967.4,platinum
973,969.35,platinum
974,973.1,platinum
975,995.8,platinum
976,1010.85,platinum
977,986.05,platinum
978,976.75,platinum
979,977.45,platinum
980,966.15,platinum
981,935.7,platinum
982,911.4,platinum
983,903.65,platinum
984,866.35,platinum
985,852.95,platinum
986,868.8,platinum
987,878.25,platinum
988,875.7,platinum
989,872.95,platinum
990,904.35,platinum
991,899.7,platinum
992,872.2,platinum
993,873.5,platinum
994,863.2,platinum
995,762.65,platinum
996,763.3,platinum
997,757.9,platinum
998,666.15,platinum
999,669.0,platinum
1000,642.1,platinum
1001,595.2,platinum
1002,611.4,platinum
1003,606.0,platinum
1004,665.15,platinum
1005,734.6,platinum
1006,733.6,platinum
1007,741.15,platinum
1008,738.4,platinum
1009,741.9,platinum
1010,723.7,platinum
1011,718.65,platinum
1012,719.1,platinum
1013,729.15,platinum
1014,724.6,platinum
1015,724.7,platinum
1016,746.45,platinum
1017,738.7,platinum
1018,736.45,platinum
1019,751.5,platinum
1020,751.8,platinum
1021,749.0,platinum
1022,754.3,platinum
1023,819.2,platinum
1024,801.45,platinum
1025,805.5,platinum
1026,791.25,platinum
1027,786.45,platinum
1028,788.6,platinum
1029,757.9,platinum
1030,768.9,platinum
1031,791.3,platinum
1032,781.25,platinum
1033,780.1,platinum
1034,776.65,platinum
1035,794.3,platinum
1036,810.65,platinum
1037,805.5,platinum
1038,778.6,platinum
1039,768.35,platinum
1040,780.3,platinum
1041,781.55,platinum
1042,764.75,platinum
1043,781.5,platinum
1044,791.05,platinum
1045,796.2,platinum
1046,781.0,platinum
1047,768.2,platinum
1048,776.45,platinum
1049,785.6,platinum
1050,821.45,platinum
1051,841.3,platinum
1052,862.5,platinum
1053,893.55,platinum
1054,931.75,platinum
1055,869.3,platinum
1056,886.6,platinum
1057,885.5,platinum
1058,895.1,platinum
1059,869.9,platinum
1060,879.3,platinum
1061,863.45,platinum
1062,873.1,platinum
1063,877.2,platinum
1064,900.3,platinum
1065,872.7,platinum
1066,858.15,platinum
1067,866.15,platinum
1068,834.5,platinum
1069,835.8,platinum
1070,864.05,platinum
1071,859.95,platinum
1072,850.0,platinum
1073,812.55,platinum
1074,820.4,platinum
1075,816.8,platinum
1076,831.05,platinum
1077,841.25,platinum
1078,833.8,platinum
1079,814.7,platinum
1080,824.6,platinum
1081,826.75,platinum
1082,844.5,platinum
1083,843.85,platinum
1084,796.95,platinum
1085,809.4,platinum
1086,804.0,platinum
1087,815.5,platinum
1088,832.3,platinum
1089,852.6,platinum
1090,836.45,platinum
1091,827.65,platinum
1092,825.8,platinum
1093,826.75,platinum
1094,842.6,platinum
1095,861.6,platinum
1096,881.7,platinum
1097,853.55,platinum
1098,841.5,platinum
1099,844.8,platinum
1100,849.9,platinum
1101,843.85,platinum
1102,846.35,platinum
1103,833.7,platinum
1104,850.9,platinum
1105,851.8,platinum
1106,862.8,platinum
1107,926.85,platinum
1108,962.4,platinum
1109,949.55,platinum
1110,955.35,platinum
1111,966.15,platinum
1112,995.9,platinum
1113,987.65,platinum
1114,959.35,platinum
1115,920.55,platinum
1116,919.7,platinum
1117,922.0,platinum
1118,938.0,platinum
1119,961.0,platinum
1120,994.9,platinum
1121,1020.8,platinum
1122,977.4,platinum
1123,983.65,platinum
1124,1009.4,platinum
1125,978.4,platinum
1126,966.1,platinum
1127,989.9,platinum
1128,965.8,platinum
1129,959.1,platinum
1130,974.5,platinum
1131,982.1,platinum
1132,962.7,platinum
1133,933.7,platinum
1134,932.8,platinum
1135,925.0,platinum
1136,931.7,platinum
1137,941.4,platinum
1138,947.3,platinum
1139,930.1,platinum
1140,949.1,platinum
1141,946.7,platinum
1142,947.4,platinum
1143,961.4,platinum
1144,912.3,platinum
1145,897.0,platinum
1146,905.3,platinum
1147,903.0,platinum
1148,912.35,platinum
1149,917.5,platinum
1150,930.7,platinum
1151,947.2,platinum
1152,946.0,platinum
1153,939.45,platinum
1154,965.4,platinum
1155,989.1,platinum
1156,980.4,platinum
1157,938.7,platinum
1158,946.1,platinum
1159,933.65,platinum
1160,884.7,platinum
1161,866.2,platinum
1162,850.8,platinum
1163,845.3,platinum
1164,849.2,platinum
1165,855.85,platinum
1166,888.2,platinum
1167,897.7,platinum
1168,909.2,platinum
1169,906.0,platinum
1170,891.4,platinum
1171,893.05,platinum
1172,904.7,platinum
1173,870.3,platinum
1174,866.8,platinum
1175,864.0,platinum
1176,894.3,platinum
1177,891.65,platinum
1178,876.3,platinum
1179,873.3,platinum
1180,863.4,platinum
1181,861.3,platinum
1182,869.3,platinum
1183,867.45,platinum
1184,863.5,platinum
1185,877.3,platinum
1186,893.9,platinum
1187,884.0,platinum
1188,906.7,platinum
1189,903.15,platinum
1190,877.4,platinum
1191,886.8,platinum
1192,875.0,platinum
1193,853.8,platinum
1194,852.4,platinum
1195,841.25,platinum
1196,863.3,platinum
1197,877.8,platinum
1198,873.2,platinum
1199,902.8,platinum
1200,902.8,platinum
1201,906.0,platinum
1202,870.4,platinum
1203,896.3,platinum
1204,871.8,platinum
1205,887.6,platinum
1206,900.0,platinum
1207,896.55,platinum
1208,931.3,platinum
1209,940.8,platinum
1210,953.7,platinum
1211,954.5,platinum
1212,961.1,platinum
1213,952.95,platinum
1214,935.9,platinum
1215,962.8,platinum
1216,971.3,platinum
1217,965.05,platinum
1218,970.3,platinum
1219,971.05,platinum
1220,970.5,platinum
1221,1008.3,platinum
1222,1016.1,platinum
1223,1042.0,platinum
1224,1076.4,platinum
1225,1059.15,platinum
1226,1053.5,platinum
1227,1041.0,platinum
1228,1022.4,platinum
1229,1031.7,platinum
1230,1026.3,platinum
1231,1025.55,platinum
1232,1020.2,platinum
1233,1044.1,platinum
1234,1040.7,platinum
1235,1055.8,platinum
1236,1049.0,platinum
1237,1044.5,platinum
1238,1021.7,platinum
1239,1015.8,platinum
1240,1023.9,platinum
1241,1035.0,platinum
1242,1047.2,platinum
1243,1049.1,platinum
1244,1060.7,platinum
1245,1078.5,platinum
1246,1079.2,platinum
1247,1079.5,platinum
1248,1091.1,platinum
1249,1071.5,platinum
1250,1119.6,platinum
1251,1110.2,platinum
1252,1124.6,platinum
1253,1071.3,platinum
1254,1055.8,platinum
1255,1044.6,platinum
1256,1067.8,platinum
1257,1110.7,platinum
1258,1126.4,platinum
1259,1089.9,platinum
1260,1072.3,platinum
1261,1098.1,platinum
1262,1092.0,platinum
1263,1116.4,platinum
1264,1128.0,platinum
1265,1111.6,platinum
1266,1112.35,platinum
1267,1104.7,platinum
1268,1107.4,platinum
1269,1079.0,platinum
1270,1076.5,platinum
1271,1083.4,platinum
1272,1098.1,platinum
1273,1140.3,platinum
1274,1097.8,platinum
1275,1116.9,platinum
1276,1105.2,platinum
1277,1136.1,platinum
1278,1145.4,platinum
1279,1177.3,platinum
1280,1196.6,platinum
1281,1249.7,platinum
1282,1249.8,platinum
1283,1261.5,platinum
1284,1271.45,platinum
1285,1318.75,platinum
1286,1282.9,platinum
1287,1261.4,platinum
1288,1278.3,platinum
1289,1297.1,platinum
1290,1297.6,platinum
1291,1286.4,platinum
1292,1244.1,platinum
1293,1259.2,platinum
1294,1235.7,platinum
1295,1189.3,platinum
1296,1205.25,platinum
1297,1195.1,platinum
1298,1218.6,platinum
1299,1186.6,platinum
1300,1139.9,platinum
1301,1132.9,platinum
1302,1142.45,platinum
1303,1156.6,platinum
1304,1180.0,platinum
1305,1206.6,platinum
1306,1207.0,platinum
1307,1204.4,platinum
1308,1206.8,platinum
1309,1213.9,platinum
1310,1223.4,platinum
1311,1203.6,platinum
1312,1221.6,platinum
1313,1204.1,platinum
1314,1188.0,platinum
1315,1188.1,platinum
1316,1178.8,platinum
1317,1184.8,platinum
1318,1158.5,platinum
1319,1181.7,platinum
1320,1190.5,platinum
1321,1183.4,platinum
1322,1160.6,platinum
1323,1191.5,platinum
1324,1208.6,platinum
1325,1220.9,platinum
1326,1209.8,platinum
1327,1240.5,platinum
1328,1231.9,platinum
1329,1235.4,platinum
1330,1209.3,platinum
1331,1207.4,platinum
1332,1174.8,platinum
1333,1157.1,platinum
1334,1177.4,platinum
1335,1200.2,platinum
1336,1208.7,platinum
1337,1205.35,platinum
1338,1206.5,platinum
1339,1196.3,platinum
1340,1214.7,platinum
1341,1208.5,platinum
1342,1233.1,platinum
1343,1236.0,platinum
1344,1245.2,platinum
1345,1249.5,platinum
1346,1212.2,platinum
1347,1201.1,platinum
1348,1208.7,platinum
1349,1203.2,platinum
1350,1233.6,platinum
1351,1235.3,platinum
1352,1232.3,platinum
1353,1260.9,platinum
1354,1257.9,platinum
1355,1261.25,platinum
1356,1269.0,platinum
1357,1244.8,platinum
1358,1229.2,platinum
1359,1209.7,platinum
1360,1226.1,platinum
1361,1231.4,platinum
1362,1247.9,platinum
1363,1228.7,platinum
1364,1205.0,platinum
1365,1208.5,platinum
1366,1173.4,platinum
1367,1174.6,platinum
1368,1181.6,platinum
1369,1201.0,platinum
1370,1201.6,platinum
1371,1183.4,platinum
1372,1186.6,platinum
1373,1187.45,platinum
1374,1193.4,platinum
1375,1203.8,platinum
1376,1196.7,platinum
1377,1166.6,platinum
1378,1168.5,platinum
1379,1170.6,platinum
1380,1178.8,platinum
1381,1166.4,platinum
1382,1155.7,platinum
1383,1150.1,platinum
1384,1155.0,platinum
1385,1144.15,platinum
1386,1169.2,platinum
1387,1152.7,platinum
1388,1145.9,platinum
1389,1059.1,platinum
1390,1045.2,platinum
1391,1039.1,platinum
1392,1054.1,platinum
1393,1072.9,platinum
1394,1089.5,platinum
1395,1096.1,platinum
1396,1105.7,platinum
1397,1114.7,platinum
1398,1099.2,platinum
1399,1070.6,platinum
1400,1072.9,platinum
1401,1080.9,platinum
1402,1087.7,platinum
1403,1101.9,platinum
1404,1084.0,platinum
1405,1081.9,platinum
1406,1074.5,platinum
1407,1095.7,platinum
1408,1096.0,platinum
1409,1123.0,platinum
1410,1111.2,platinum
1411,1128.1,platinum
1412,1137.7,platinum
1413,1108.5,platinum
1414,1104.2,platinum
1415,1071.4,platinum
1416,1065.2,platinum
1417,1075.3,platinum
1418,1090.6,platinum
1419,1061.4,platinum
1420,1062.0,platinum
1421,1070.0,platinum
1422,1049.5,platinum
1423,1058.1,platinum
1424,1070.6,platinum
1425,1051.5,platinum
1426,1051.75,platinum
1427,1058.9,platinum
1428,1049.9,platinum
1429,1024.1,platinum
1430,1008.4,platinum
1431,974.9,platinum
1432,956.95,platinum
1433,973.6,platinum
1434,989.2,platinum
1435,1017.9,platinum
1436,1020.1,platinum
1437,1028.2,platinum
1438,1023.55,platinum
1439,1023.1,platinum
1440,996.2,platinum
1441,998.6,platinum
1442,972.8,platinum
1443,995.7,platinum
1444,988.45,platinum
1445,1015.9,platinum
1446,1013.0,platinum
1447,996.5,platinum
1448,978.5,platinum
1449,1007.4,platinum
1450,1009.8,platinum
1451,1004.9,platinum
1452,1016.9,platinum
1453,1002.4,platinum
1454,996.9,platinum
1455,1024.5,platinum
1456,1019.7,platinum
1457,1018.3,platinum
1458,998.9,platinum
1459,979.1,platinum
1460,977.5,platinum
1461,959.6,platinum
1462,956.1,platinum
1463,960.2,platinum
1464,941.1,platinum
1465,932.9,platinum
1466,925.6,platinum
1467,932.6,platinum
1468,932.9,platinum
1469,899.4,platinum
1470,950.8,platinum
1471,999.8,platinum
1472,995.4,platinum
1473,976.3,platinum
1474,979.8,platinum
1475,977.8,platinum
1476,961.3,platinum
1477,947.0,platinum
1478,962.4,platinum
1479,973.6,platinum
1480,978.5,platinum
1481,961.6,platinum
1482,959.8,platinum
1483,977.2,platinum
1484,985.3,platinum
1485,1028.2,platinum
1486,1021.5,platinum
1487,1006.9,platinum
1488,1011.7,platinum
1489,1024.2,platinum
1490,1052.3,platinum
1491,1058.9,platinum
1492,1058.35,platinum
1493,1037.9,platinum
1494,1047.1,platinum
1495,1052.3,platinum
1496,1049.7,platinum
1497,1052.1,platinum
1498,1046.6,platinum
1499,1063.8,platinum
1500,1032.9,platinum
1501,1019.3,platinum
1502,1025.3,platinum
1503,1021.7,platinum
1504,1021.5,platinum
1505,1068.1,platinum
1506,1040.3,platinum
1507,1023.3,platinum
1508,1030.3,platinum
1509,1036.9,platinum
1510,1037.65,platinum
1511,1061.1,platinum
1512,1062.4,platinum
1513,1077.9,platinum
1514,1095.5,platinum
1515,1090.1,platinum
1516,1091.8,platinum
1517,1097.8,platinum
1518,1075.6,platinum
1519,1070.1,platinum
1520,1057.5,platinum
1521,1037.6,platinum
1522,1031.6,platinum
1523,1016.7,platinum
1524,966.1,platinum
1525,977.4,platinum
1526,990.9,platinum
1527,954.9,platinum
1528,978.4,platinum
1529,966.4,platinum
1530,929.2,platinum
1531,936.6,platinum
1532,934.0,platinum
1533,927.1,platinum
1534,934.65,platinum
1535,937.4,platinum
1536,951.0,platinum
1537,957.0,platinum
1538,938.6,platinum
1539,935.1,platinum
1540,940.45,platinum
1541,924.9,platinum
1542,911.0,platinum
1543,894.1,platinum
1544,927.1,platinum
1545,932.9,platinum
1546,921.8,platinum
1547,922.6,platinum
1548,924.4,platinum
1549,963.7,platinum
1550,972.2,platinum
1551,966.85,platinum
1552,971.0,platinum
1553,979.8,platinum
1554,969.7,platinum
1555,964.6,platinum
1556,966.2,platinum
